listing_id,segment_rank
0,1
1,2
2,2
3,3
4,3
5,1
6,6
7,2
8,5
9,4
10,7
12,2
13,5
14,4
16,6
17,7
18,7
20,4
21,5
22,4
23,2
24,2
25,7
26,5
27,5
28,3
29,4
30,4
31,5
32,3
33,6
36,2
37,5
38,8
39,2
40,5
41,5
42,6
43,1
44,5
45,2
46,6
47,2
48,6
49,7
50,7
51,6
52,5
53,5
55,1
56,6
58,4
59,2
60,4
61,1
63,5
64,2
66,2
67,7
68,7
70,5
72,4
73,2
74,4
75,7
76,4
79,2
80,2
81,4
82,2
84,2
85,6
86,2
87,4
88,5
89,2
90,2
91,5
92,3
94,6
95,4
96,3
98,2
99,2
100,5
101,7
103,4
104,6
105,6
108,3
109,8
111,1
112,2
114,2
116,2
117,4
118,6
119,7
120,4
121,4
122,5
123,2
124,1
127,5
128,3
130,3
131,5
132,4
133,8
134,7
135,4
136,3
138,2
140,5
141,5
142,2
143,6
144,2
145,4
148,4
149,4
150,2
151,3
152,5
153,2
154,5
155,3
156,5
157,3
159,8
160,7
161,6
162,2
163,3
164,5
165,6
166,6
167,2
168,5
169,3
170,4
171,2
172,6
173,3
174,4
175,4
176,4
177,2
178,5
182,7
184,1
186,2
187,2
188,3
190,4
191,3
192,6
193,4
194,5
196,7
197,1
198,2
199,2
200,3
201,3
202,2
203,4
204,6
205,2
206,5
207,1
208,7
209,6
210,5
212,6
213,3
214,8
216,4
217,3
218,4
220,2
223,3
224,3
225,3
226,7
227,1
228,3
229,4
230,3
232,7
233,5
234,5
235,2
236,4
237,6
238,4
239,5
240,6
241,6
243,6
244,7
245,6
246,5
247,4
249,4
250,5
252,5
254,2
255,3
256,3
257,3
258,4
259,1
260,5
263,2
266,6
267,2
268,1
269,5
270,7
271,2
272,5
273,6
274,4
275,5
276,2
277,6
278,1
279,3
281,2
282,4
283,2
284,4
286,3
287,2
289,1
290,1
291,3
292,4
293,7
294,2
295,8
296,5
297,2
298,5
299,2
301,4
302,6
303,2
304,6
305,4
306,4
307,7
308,6
309,4
310,5
311,6
312,3
313,7
314,7
315,4
317,5
318,5
319,2
321,7
322,2
323,1
324,5
325,4
326,4
327,1
328,4
329,6
331,5
335,2
336,3
338,3
339,5
340,2
341,6
342,2
343,4
344,7
345,2
346,8
347,3
348,4
349,2
350,5
354,7
355,3
356,5
357,1
358,2
360,5
362,1
365,7
367,5
368,1
369,5
370,6
371,2
372,4
374,2
375,4
376,2
377,5
379,3
380,2
381,8
382,7
383,2
384,2
385,6
386,1
387,5
388,2
389,1
390,8
391,5
392,7
393,2
395,6
396,4
397,4
398,2
399,6
400,5
402,7
403,3
404,4
405,5
406,6
407,5
408,2
409,8
410,7
411,2
412,4
413,6
414,4
416,2
417,6
418,4
419,2
421,2
422,8
423,2
424,3
425,2
426,4
427,2
429,6
430,6
431,2
432,3
433,1
434,3
436,2
437,3
438,2
439,5
441,7
442,4
443,2
444,5
445,2
446,3
448,6
449,4
450,5
452,6
453,1
454,2
455,8
456,4
457,5
460,6
461,3
462,4
463,6
464,5
465,4
466,6
467,3
468,7
469,2
470,7
471,7
472,6
474,6
476,4
477,6
479,8
481,3
482,3
485,5
486,2
488,3
490,7
493,5
494,4
496,1
497,2
498,3
499,7
500,4
501,5
502,3
503,1
504,7
505,3
506,7
508,8
509,7
510,6
511,5
512,1
513,2
515,6
517,4
519,6
521,2
522,2
524,6
526,5
527,7
528,5
529,3
530,3
531,3
532,5
534,5
535,5
536,4
537,2
538,1
539,5
542,7
543,5
544,5
545,4
546,3
547,3
548,5
549,7
550,5
551,1
553,4
554,4
555,2
556,5
557,2
558,1
559,6
560,7
562,2
563,2
564,3
566,4
567,3
568,3
569,6
570,8
571,3
572,7
573,4
574,4
576,3
579,3
580,5
581,2
583,5
584,4
585,5
588,2
589,2
590,2
591,2
592,4
593,6
594,2
595,4
596,2
597,5
598,5
599,6
601,2
602,7
603,5
604,2
606,3
607,6
609,2
610,4
611,7
612,5
613,7
614,7
615,6
616,4
617,3
618,4
619,5
620,2
621,1
622,7
623,4
624,3
625,7
626,5
627,2
629,6
630,4
631,5
632,4
633,5
634,2
637,3
638,4
639,2
640,3
641,5
642,3
644,4
645,6
646,2
647,4
648,4
650,5
651,5
652,3
653,5
654,5
655,7
656,7
657,4
658,1
659,5
660,3
661,4
662,4
664,4
665,3
667,2
668,5
671,5
672,4
673,4
674,2
675,1
676,5
678,6
679,2
680,3
682,5
684,7
685,3
686,7
687,5
688,6
689,6
691,4
692,5
693,7
694,4
695,2
696,5
697,2
698,1
699,5
701,4
704,6
705,7
706,7
707,4
709,6
710,5
711,7
712,4
713,3
714,4
715,4
716,3
717,3
720,2
722,3
723,4
724,3
726,3
727,4
728,3
731,4
732,5
733,2
735,4
736,4
737,5
738,3
740,2
741,5
742,5
743,3
744,3
745,7
746,6
747,6
749,4
750,2
751,5
752,5
753,2
754,3
755,4
756,3
757,2
758,5
759,3
760,7
761,5
762,6
764,6
765,1
766,5
767,2
768,1
769,5
770,5
771,3
772,2
773,5
774,6
776,6
777,6
778,3
779,5
780,5
781,3
782,4
783,2
784,6
785,5
786,2
788,2
790,2
791,3
794,6
796,4
797,1
798,6
799,7
801,5
802,2
803,7
805,5
806,2
808,5
809,4
810,1
811,2
813,6
814,5
815,5
816,3
817,2
819,4
820,4
821,2
822,7
823,2
824,4
825,3
826,5
827,3
828,6
830,6
831,7
833,5
834,3
835,5
836,7
837,6
838,1
839,2
840,2
841,3
843,5
844,2
845,1
846,6
848,8
851,3
852,3
853,5
854,6
855,8
856,5
858,2
860,5
861,4
862,6
863,7
864,3
866,2
867,4
869,7
871,5
872,5
873,8
874,7
875,3
876,4
877,3
878,2
879,5
880,2
881,5
882,5
883,4
884,5
885,8
886,3
887,2
889,2
890,2
891,7
892,4
893,1
895,1
896,4
897,1
898,5
899,6
900,5
902,3
903,2
904,5
905,6
906,4
908,7
909,3
912,3
914,4
915,4
917,8
918,6
919,4
920,2
921,6
922,1
924,2
925,2
926,1
927,4
928,7
929,5
930,6
931,6
933,4
934,4
935,5
936,5
937,4
938,5
940,6
941,2
942,5
944,7
945,5
946,4
947,2
948,2
949,7
951,5
952,3
953,2
954,5
955,5
956,5
957,4
958,6
959,2
961,2
962,4
963,5
965,8
966,2
967,6
968,7
969,3
970,4
971,3
972,3
973,1
974,1
975,2
976,8
980,4
981,6
983,7
984,7
985,2
989,4
991,1
993,5
994,5
995,5
996,7
997,5
999,4
1000,4
1001,3
1002,6
1004,7
1005,5
1006,7
1007,2
1008,5
1009,3
1010,5
1011,6
1012,2
1014,1
1015,7
1016,6
1017,7
1020,4
1022,4
1023,7
1024,2
1025,5
1026,2
1028,5
1029,4
1030,6
1032,3
1033,2
1034,4
1036,4
1037,4
1038,5
1040,2
1043,7
1044,3
1046,6
1047,2
1048,6
1050,7
1051,5
1052,5
1053,6
1054,2
1056,5
1057,1
1058,1
1059,6
1060,3
1062,5
1063,7
1064,4
1065,5
1066,5
1067,5
1068,7
1069,4
1070,2
1071,5
1074,3
1075,4
1077,6
1078,6
1079,5
1080,3
1081,4
1082,4
1083,2
1084,7
1086,5
1087,6
1088,6
1089,1
1090,5
1091,4
1092,5
1093,6
1094,2
1096,5
1097,5
1099,5
1100,4
1101,4
1102,3
1103,7
1104,7
1106,2
1107,6
1108,6
1110,4
1112,2
1114,2
1117,2
1118,7
1120,2
1121,3
1122,6
1123,3
1125,5
1126,7
1127,4
1128,2
1129,4
1132,2
1134,1
1135,1
1136,3
1137,6
1138,6
1139,8
1141,5
1142,5
1143,2
1145,1
1146,2
1147,4
1148,4
1149,5
1150,3
1151,5
1152,1
1153,2
1154,4
1155,3
1156,4
1157,7
1158,5
1159,3
1160,1
1162,1
1163,6
1164,3
1165,6
1166,6
1167,8
1168,1
1169,6
1171,5
1172,4
1173,2
1177,4
1178,7
1179,7
1180,6
1181,7
1182,2
1183,5
1184,3
1185,1
1186,7
1187,3
1188,6
1190,7
1192,5
1193,6
1195,5
1196,5
1197,4
1198,2
1199,8
1201,2
1202,5
1203,2
1204,4
1205,3
1206,2
1208,4
1209,4
1210,5
1211,2
1212,4
1213,7
1214,1
1216,6
1217,4
1218,4
1219,5
1220,5
1221,4
1222,5
1223,5
1224,3
1225,6
1226,7
1227,1
1228,5
1230,4
1231,5
1232,4
1233,5
1234,6
1235,5
1236,4
1237,1
1238,6
1239,5
1240,3
1241,2
1245,6
1246,5
1247,5
1248,4
1249,2
1250,2
1251,7
1252,7
1254,4
1256,3
1257,2
1258,3
1261,4
1262,5
1263,4
1264,4
1266,3
1267,8
1269,7
1270,6
1271,4
1272,2
1273,3
1274,6
1276,5
1277,6
1278,5
1279,4
1280,3
1281,7
1282,6
1283,2
1287,5
1289,7
1290,6
1291,2
1292,6
1293,5
1294,6
1295,2
1296,3
1297,4
1298,4
1300,6
1301,5
1302,1
1303,4
1304,6
1305,4
1306,5
1307,7
1309,8
1310,2
1311,3
1312,2
1313,3
1316,2
1317,5
1318,2
1319,5
1320,6
1322,6
1323,2
1324,7
1325,5
1326,2
1328,7
1329,7
1330,3
1332,3
1333,4
1334,4
1335,5
1336,5
1338,4
1339,7
1340,5
1341,4
1342,1
1343,5
1344,2
1345,3
1346,2
1348,1
1349,2
1350,6
1352,4
1353,6
1354,2
1355,6
1356,5
1357,8
1359,2
1361,5
1363,2
1364,6
1365,1
1366,6
1368,2
1369,4
1370,6
1371,2
1372,6
1373,1
1375,7
1376,2
1377,2
1380,5
1381,5
1382,4
1384,6
1385,6
1387,3
1388,7
1389,2
1390,2
1391,5
1394,6
1395,4
1396,6
1397,7
1398,5
1399,4
1400,6
1401,1
1402,6
1403,5
1404,3
1405,4
1406,4
1407,3
1409,6
1410,2
1411,7
1413,7
1414,2
1415,7
1416,1
1417,7
1418,5
1419,5
1420,8
1422,6
1423,4
1424,2
1425,4
1427,4
1428,5
1429,5
1430,5
1432,4
1433,7
1434,1
1435,2
1436,7
1437,3
1438,2
1439,3
1440,3
1441,3
1442,4
1443,8
1444,2
1446,7
1447,4
1448,2
1449,4
1451,5
1453,4
1454,3
1455,2
1456,4
1457,2
1458,2
1459,6
1460,1
1461,6
1463,6
1465,7
1466,3
1467,7
1468,4
1469,5
1470,4
1471,5
1472,3
1473,7
1474,2
1475,1
1476,2
1477,1
1478,2
1479,7
1481,4
1484,6
1485,4
1487,7
1488,6
1489,5
1492,3
1493,2
1494,3
1495,6
1496,4
1497,5
1498,5
1500,5
1501,4
1502,5
1503,7
1504,6
1505,4
1506,4
1507,6
1509,2
1510,6
1511,7
1512,2
1513,2
1514,3
1516,6
1517,6
1518,2
1519,4
1520,3
1521,5
1522,1
1523,4
1525,2
1526,5
1527,6
1528,3
1530,5
1531,3
1532,3
1534,3
1535,3
1537,4
1538,5
1539,5
1540,2
1542,1
1543,7
1544,2
1545,5
1547,7
1548,4
1549,2
1551,6
1552,4
1553,1
1554,4
1556,5
1557,3
1558,6
1559,2
1560,2
1561,4
1562,2
1563,2
1564,4
1565,8
1566,7
1567,5
1568,5
1569,3
1570,3
1571,2
1572,2
1573,4
1574,3
1575,2
1577,2
1578,2
1579,6
1581,5
1583,5
1584,5
1587,6
1589,1
1590,4
1591,3
1592,7
1593,4
1594,6
1595,5
1596,5
1597,3
1599,3
1600,5
1601,7
1602,3
1603,2
1604,4
1605,3
1607,1
1608,8
1609,5
1610,3
1611,2
1612,2
1613,4
1614,1
1615,2
1616,8
1618,2
1620,2
1621,5
1622,7
1623,5
1624,7
1625,4
1626,5
1628,6
1629,2
1630,5
1631,5
1632,2
1633,4
1634,4
1635,8
1636,2
1637,5
1638,2
1639,5
1640,6
1641,4
1642,5
1643,5
1644,2
1645,5
1646,6
1647,3
1648,5
1649,4
1651,4
1652,3
1653,5
1654,6
1655,3
1656,4
1657,4
1658,3
1659,2
1660,3
1661,5
1662,6
1664,5
1665,6
1666,5
1667,2
1668,1
1669,2
1670,6
1672,2
1673,3
1674,2
1675,8
1676,5
1677,6
1678,1
1679,2
1680,6
1681,4
1682,5
1684,5
1685,3
1686,5
1687,4
1688,2
1689,7
1690,5
1691,4
1692,7
1693,3
1696,1
1697,2
1698,5
1700,1
1701,2
1703,5
1704,5
1705,4
1706,6
1707,2
1708,2
1709,6
1710,7
1712,5
1713,4
1714,3
1715,6
1716,3
1717,2
1718,1
1720,8
1723,3
1724,5
1725,5
1727,5
1729,2
1730,3
1731,5
1734,7
1735,5
1736,2
1737,6
1738,5
1739,2
1740,5
1742,1
1743,3
1744,6
1745,5
1747,3
1748,5
1750,5
1751,3
1752,4
1753,2
1755,3
1756,1
1757,4
1758,5
1759,8
1760,2
1761,6
1763,6
1764,7
1765,2
1766,7
1768,7
1769,2
1770,4
1771,5
1772,7
1773,6
1774,6
1775,5
1778,7
1779,5
1781,6
1782,4
1783,3
1785,4
1786,6
1787,3
1790,6
1792,2
1793,2
1794,3
1796,4
1797,5
1798,2
1800,7
1801,2
1802,6
1803,7
1804,5
1805,7
1806,2
1807,3
1808,6
1809,6
1810,4
1811,6
1812,3
1813,5
1815,1
1817,6
1819,3
1820,2
1821,2
1822,4
1823,5
1824,3
1826,2
1828,2
1829,2
1831,6
1832,7
1833,3
1834,5
1835,2
1836,5
1838,2
1839,3
1840,5
1841,2
1842,8
1843,7
1844,2
1845,4
1846,6
1847,8
1849,3
1850,7
1851,5
1852,2
1853,5
1854,4
1855,8
1856,6
1857,6
1858,7
1859,7
1860,7
1861,5
1862,6
1863,5
1864,6
1866,8
1867,2
1868,3
1869,8
1871,5
1872,6
1874,7
1875,2
1876,2
1877,5
1878,2
1879,8
1882,3
1883,4
1884,3
1885,6
1886,6
1888,5
1889,4
1890,2
1892,4
1893,2
1894,4
1895,3
1896,7
1897,2
1898,8
1899,5
1900,4
1901,7
1902,7
1903,7
1905,4
1906,4
1907,4
1909,6
1910,1
1911,6
1912,3
1913,6
1914,2
1915,4
1916,2
1917,5
1918,2
1919,6
1920,5
1921,8
1922,5
1923,6
1924,4
1926,8
1927,5
1928,3
1929,5
1930,5
1931,5
1932,6
1933,5
1935,6
1936,3
1937,5
1938,7
1940,3
1941,5
1942,5
1943,6
1945,4
1946,2
1947,3
1949,3
1950,7
1951,7
1954,4
1955,4
1956,2
1957,5
1958,4
1959,6
1960,2
1961,7
1962,3
1963,4
1965,8
1966,4
1967,3
1968,1
1969,1
1970,5
1971,5
1972,4
1973,2
1974,2
1976,6
1977,6
1978,2
1979,6
1980,4
1981,7
1982,5
1983,2
1984,4
1985,6
1986,6
1987,2
1988,2
1989,4
1991,7
1992,4
1993,4
1994,5
1995,5
1997,1
1999,4
2000,5
2002,6
2003,1
2004,7
2005,4
2006,5
2008,7
2009,5
2010,8
2011,3
2012,3
2014,7
2015,2
2016,3
2017,6
2018,4
2019,2
2020,7
2021,2
2022,2
2023,5
2025,3
2026,7
2027,1
2029,5
2030,4
2031,3
2033,5
2034,1
2035,5
2036,2
2037,2
2038,5
2040,6
2041,2
2043,1
2044,5
2045,5
2046,4
2047,7
2049,4
2050,2
2051,3
2052,6
2053,4
2054,5
2057,3
2058,5
2059,5
2060,3
2061,5
2062,7
2063,3
2065,3
2068,2
2070,4
2072,7
2073,5
2074,4
2075,2
2076,1
2078,6
2079,2
2081,3
2082,6
2083,2
2084,7
2085,2
2086,3
2088,4
2089,4
2090,6
2091,6
2092,7
2093,3
2095,4
2096,4
2097,5
2098,7
2099,5
2100,3
2101,2
2102,3
2103,6
2104,5
2105,2
2106,5
2107,3
2108,5
2109,3
2110,5
2112,6
2113,8
2114,6
2115,4
2116,2
2117,6
2118,4
2119,7
2120,3
2121,6
2122,4
2123,2
2124,7
2125,7
2127,4
2128,6
2129,4
2132,4
2134,3
2135,3
2136,6
2137,4
2138,3
2139,5
2140,2
2141,7
2142,4
2143,6
2144,4
2145,7
2146,4
2148,4
2149,3
2151,1
2152,6
2153,1
2154,2
2156,5
2157,2
2159,4
2160,6
2162,2
2164,2
2165,6
2167,4
2168,3
2169,3
2170,5
2171,1
2172,5
2173,4
2174,6
2176,2
2177,5
2178,2
2179,4
2180,5
2181,7
2182,3
2183,6
2184,6
2186,2
2187,6
2188,5
2190,2
2191,5
2192,4
2193,2
2194,7
2195,4
2196,4
2197,5
2198,2
2199,5
2200,3
2201,7
2202,7
2204,3
2205,6
2206,7
2207,4
2208,7
2210,4
2211,2
2212,5
2213,4
2214,7
2215,4
2216,8
2218,5
2219,4
2220,3
2221,2
2223,7
2224,6
2225,5
2226,5
2227,6
2228,5
2229,2
2230,4
2231,4
2232,6
2233,6
2235,2
2236,5
2237,7
2238,6
2239,2
2240,2
2242,2
2243,4
2244,7
2245,4
2246,4
2248,3
2249,5
2250,5
2251,6
2253,7
2254,6
2255,4
2256,3
2257,4
2258,5
2260,5
2261,3
2262,6
2263,5
2264,2
2265,5
2266,2
2267,6
2268,6
2269,2
2270,3
2271,7
2272,8
2273,3
2274,7
2276,5
2278,2
2279,5
2280,4
2281,5
2283,7
2284,3
2285,5
2286,2
2287,2
2288,8
2289,5
2290,4
2291,4
2292,7
2294,2
2295,2
2296,6
2297,4
2298,6
2299,8
2300,6
2301,4
2304,5
2305,5
2306,7
2307,6
2309,2
2310,5
2311,2
2312,7
2313,4
2314,4
2315,7
2317,6
2319,4
2320,2
2321,5
2322,5
2323,8
2324,8
2325,3
2326,7
2327,4
2328,7
2329,8
2330,4
2331,4
2332,6
2333,2
2334,6
2335,5
2337,6
2338,7
2339,2
2340,6
2342,5
2343,2
2344,5
2345,1
2346,4
2347,2
2348,2
2349,2
2352,2
2353,2
2356,6
2358,7
2359,5
2360,3
2361,4
2363,7
2364,3
2365,5
2366,3
2368,1
2369,4
2370,6
2371,2
2372,2
2373,2
2375,3
2376,3
2377,7
2379,2
2380,3
2381,7
2382,5
2384,5
2385,6
2386,7
2387,4
2388,5
2390,5
2391,6
2393,2
2394,3
2395,7
2396,4
2397,4
2398,7
2399,6
2401,8
2402,8
2403,1
2405,6
2406,2
2407,2
2408,2
2410,3
2411,6
2413,7
2414,6
2415,6
2416,2
2417,1
2418,4
2419,6
2420,2
2421,4
2423,3
2424,5
2425,5
2426,2
2427,2
2428,4
2430,5
2431,2
2432,3
2433,3
2434,8
2435,5
2436,7
2438,2
2440,7
2442,5
2443,2
2444,8
2445,6
2446,2
2447,4
2448,4
2449,7
2450,2
2451,7
2452,7
2453,6
2454,6
2456,8
2457,4
2458,4
2459,7
2460,1
2462,5
2465,2
2466,5
2468,2
2469,6
2470,2
2471,5
2472,6
2474,6
2475,6
2476,4
2477,3
2478,3
2479,5
2480,1
2483,6
2484,2
2485,6
2486,2
2488,3
2489,7
2491,7
2492,4
2493,3
2495,3
2496,7
2498,7
2499,6
2500,2
2501,6
2502,6
2505,3
2507,5
2508,2
2509,8
2510,7
2511,7
2512,5
2513,2
2515,3
2516,4
2517,4
2518,4
2519,3
2521,6
2524,4
2525,7
2527,2
2528,4
2529,6
2530,4
2531,3
2532,4
2533,8
2534,3
2535,6
2536,4
2537,3
2538,7
2540,3
2541,7
2542,2
2546,2
2547,5
2548,2
2549,4
2550,5
2552,3
2553,2
2554,2
2555,5
2557,4
2559,7
2560,6
2561,7
2562,1
2563,6
2564,8
2565,2
2566,5
2567,8
2568,5
2571,6
2572,5
2573,4
2574,6
2575,3
2576,2
2578,4
2579,3
2580,4
2581,6
2582,2
2584,4
2587,7
2590,3
2591,7
2592,7
2593,2
2594,5
2596,4
2597,4
2599,2
2600,4
2602,7
2603,7
2604,7
2605,2
2606,4
2607,4
2608,4
2611,4
2612,6
2613,1
2614,4
2615,5
2616,4
2617,4
2618,1
2619,2
2621,8
2622,5
2623,5
2624,5
2625,5
2626,3
2627,6
2630,7
2631,1
2632,4
2633,5
2634,2
2635,4
2636,1
2637,6
2638,7
2639,6
2640,4
2641,8
2642,4
2643,6
2644,4
2645,6
2647,7
2648,1
2649,4
2650,1
2651,5
2652,4
2653,5
2654,1
2655,3
2656,4
2657,7
2660,2
2662,7
2663,3
2664,4
2665,5
2667,2
2668,4
2669,5
2670,7
2673,7
2674,5
2675,4
2676,6
2678,2
2680,7
2683,5
2684,7
2685,7
2686,5
2688,8
2689,5
2690,6
2691,4
2692,2
2693,4
2694,5
2695,3
2696,2
2697,6
2698,2
2699,7
2700,5
2702,1
2704,2
2705,4
2706,3
2707,4
2708,5
2709,5
2710,6
2711,5
2712,4
2713,3
2714,7
2716,2
2719,6
2720,4
2721,6
2722,3
2723,5
2724,3
2725,1
2726,4
2727,4
2728,6
2730,4
2732,6
2734,8
2735,6
2736,4
2738,6
2739,4
2741,5
2742,5
2744,1
2745,2
2746,4
2747,2
2749,4
2750,6
2751,7
2752,6
2755,6
2756,5
2757,3
2758,6
2759,2
2760,7
2761,2
2762,2
2763,2
2764,3
2766,4
2767,4
2769,6
2770,1
2771,7
2773,5
2775,1
2776,2
2777,3
2778,4
2779,5
2780,4
2782,6
2783,5
2784,3
2785,1
2786,5
2787,8
2788,4
2790,3
2791,3
2792,3
2793,5
2794,3
2795,3
2796,3
2797,5
2799,2
2800,2
2801,4
2802,2
2803,5
2804,3
2805,7
2806,2
2807,7
2808,7
2810,4
2811,5
2812,2
2813,1
2814,2
2815,6
2816,4
2818,7
2819,3
2820,2
2821,6
2822,2
2823,7
2824,6
2825,5
2827,3
2831,7
2832,4
2834,7
2835,4
2836,7
2838,2
2839,3
2841,3
2842,4
2844,3
2845,7
2846,4
2848,5
2850,6
2851,3
2853,2
2854,3
2855,2
2856,1
2857,5
2858,2
2859,2
2860,5
2861,5
2862,8
2863,2
2864,2
2865,4
2866,2
2867,6
2868,1
2869,7
2871,3
2874,2
2875,2
2876,7
2877,6
2878,7
2879,3
2880,4
2881,7
2882,5
2883,7
2884,6
2885,7
2887,2
2888,6
2889,2
2890,2
2891,2
2892,1
2893,6
2894,7
2895,3
2896,1
2897,6
2898,3
2899,7
2900,2
2901,6
2902,6
2903,5
2904,2
2905,5
2906,2
2907,6
2908,6
2909,3
2910,7
2911,4
2913,1
2914,6
2915,7
2916,2
2917,4
2918,5
2919,3
2920,3
2922,3
2923,4
2924,5
2925,5
2926,2
2927,2
2928,5
2929,2
2930,6
2931,3
2932,3
2933,7
2934,4
2935,7
2938,3
2939,7
2940,6
2941,7
2942,5
2944,1
2945,5
2947,5
2948,6
2949,3
2950,5
2952,2
2953,2
2954,5
2955,2
2956,2
2957,3
2958,7
2959,4
2960,6
2962,8
2963,5
2964,2
2965,5
2966,2
2967,5
2969,6
2970,5
2972,3
2974,5
2975,7
2976,1
2977,5
2978,6
2979,4
2980,3
2981,6
2982,4
2983,4
2984,6
2986,5
2987,2
2988,7
2989,6
2990,7
2991,2
2993,2
2994,5
2996,2
2997,4
2998,6
2999,4
3001,2
3002,2
3003,5
3005,4
3006,5
3008,4
3009,4
3010,5
3011,4
3012,7
3013,1
3014,2
3016,2
3017,3
3018,2
3019,6
3021,7
3022,5
3023,7
3025,2
3026,5
3027,3
3028,7
3031,5
3032,5
3033,6
3034,5
3036,5
3037,3
3038,2
3039,5
3040,3
3041,1
3043,2
3044,5
3045,5
3046,1
3047,5
3049,2
3050,4
3051,5
3052,6
3053,6
3054,7
3055,5
3056,4
3057,3
3058,5
3059,8
3063,1
3064,5
3066,2
3067,7
3068,5
3069,4
3070,6
3071,4
3072,5
3073,7
3074,2
3075,5
3078,2
3079,7
3080,5
3082,5
3084,5
3085,4
3086,4
3087,3
3089,7
3091,1
3092,3
3093,5
3094,6
3095,4
3096,3
3098,4
3100,4
3101,7
3103,2
3104,4
3105,2
3106,1
3107,4
3108,3
3110,2
3111,7
3112,7
3113,3
3114,3
3115,2
3116,7
3117,6
3118,2
3119,2
3120,2
3121,2
3122,5
3123,6
3124,7
3125,4
3126,7
3127,6
3129,2
3130,7
3131,4
3132,6
3133,2
3134,7
3135,1
3137,2
3138,1
3139,3
3140,4
3141,5
3142,2
3143,3
3146,6
3147,4
3148,6
3149,5
3151,7
3152,4
3154,3
3155,4
3156,4
3157,3
3158,4
3159,6
3160,2
3161,2
3164,7
3165,6
3166,2
3167,4
3168,2
3169,7
3170,6
3172,6
3173,3
3174,6
3175,5
3176,6
3177,3
3178,3
3179,5
3180,2
3182,2
3183,3
3184,5
3185,5
3186,4
3188,2
3189,2
3190,6
3191,5
3192,4
3194,5
3196,8
3197,7
3198,3
3200,6
3202,6
3203,5
3204,5
3205,8
3208,2
3209,3
3210,6
3212,4
3213,3
3214,8
3218,7
3219,7
3220,6
3221,2
3222,4
3223,2
3224,4
3225,3
3226,6
3228,2
3229,3
3230,4
3231,3
3232,4
3233,7
3234,6
3235,4
3236,5
3238,2
3239,3
3240,4
3242,4
3243,3
3244,7
3246,2
3249,4
3250,2
3251,7
3253,7
3254,7
3257,2
3258,6
3259,8
3260,4
3261,3
3262,6
3263,2
3264,2
3265,6
3266,4
3268,5
3269,6
3270,4
3271,6
3272,7
3273,6
3274,3
3275,1
3276,2
3277,2
3278,7
3279,5
3280,1
3281,3
3282,2
3283,6
3284,2
3285,4
3287,6
3288,4
3289,1
3290,6
3291,1
3292,3
3293,4
3294,6
3295,4
3298,5
3299,5
3300,2
3301,6
3302,3
3303,2
3304,1
3305,4
3306,4
3307,2
3308,4
3310,2
3311,2
3312,4
3313,2
3314,7
3316,4
3317,5
3319,5
3320,5
3321,5
3322,3
3323,6
3324,2
3325,4
3326,2
3327,4
3328,4
3330,6
3331,5
3332,4
3334,6
3335,8
3336,4
3337,3
3338,6
3339,2
3341,2
3342,2
3343,4
3345,7
3346,5
3347,4
3348,7
3351,5
3352,6
3354,5
3355,7
3356,5
3359,2
3360,5
3362,4
3363,2
3364,5
3365,3
3366,4
3368,6
3369,7
3370,4
3371,5
3372,7
3373,5
3375,3
3376,2
3377,2
3378,2
3379,5
3380,2
3381,6
3382,2
3383,2
3385,5
3386,2
3387,4
3388,3
3389,4
3390,2
3391,5
3392,1
3393,6
3395,6
3396,6
3397,2
3398,2
3399,3
3400,2
3401,2
3402,2
3404,2
3405,5
3406,6
3407,2
3409,2
3410,1
3411,3
3412,6
3413,2
3414,7
3416,5
3417,6
3418,1
3421,2
3422,3
3423,1
3424,7
3425,5
3426,5
3427,7
3428,2
3430,1
3432,2
3434,3
3435,2
3436,5
3438,2
3440,6
3441,4
3442,5
3443,4
3444,5
3445,5
3446,7
3447,2
3449,7
3452,6
3453,8
3454,6
3455,3
3456,7
3457,1
3458,4
3460,3
3461,3
3462,2
3463,2
3464,5
3465,4
3466,2
3467,6
3469,7
3470,3
3472,2
3473,2
3474,5
3475,2
3476,3
3477,7
3478,5
3479,6
3480,4
3481,3
3482,5
3483,4
3484,5
3486,2
3487,2
3490,6
3493,6
3494,5
3495,3
3496,6
3497,2
3498,7
3499,4
3500,3
3501,1
3502,7
3503,5
3504,5
3506,5
3508,4
3510,4
3511,1
3512,6
3513,2
3514,2
3515,4
3517,4
3518,8
3519,4
3520,4
3521,3
3523,2
3524,6
3525,2
3526,3
3527,2
3528,1
3529,3
3530,2
3533,4
3534,3
3536,2
3537,6
3538,5
3539,3
3540,6
3541,4
3542,7
3544,4
3545,7
3547,5
3549,5
3550,2
3551,1
3553,5
3554,6
3555,8
3556,5
3557,3
3558,3
3559,1
3561,2
3563,4
3565,6
3566,5
3568,5
3569,2
3570,6
3571,4
3572,3
3573,3
3574,3
3575,2
3576,3
3577,2
3578,2
3579,5
3580,1
3581,1
3582,2
3583,2
3584,2
3586,2
3587,4
3589,2
3590,5
3591,4
3592,5
3593,2
3594,7
3596,2
3598,2
3599,5
3600,3
3601,4
3602,6
3603,5
3604,6
3606,7
3607,5
3608,3
3610,3
3611,5
3612,6
3613,2
3614,5
3615,6
3616,4
3617,3
3618,4
3620,1
3621,7
3622,5
3623,6
3624,4
3625,2
3627,4
3628,7
3629,4
3630,2
3631,2
3632,6
3633,2
3634,4
3636,3
3637,5
3639,4
3641,3
3642,2
3643,4
3644,6
3645,2
3646,3
3647,5
3648,6
3649,4
3650,2
3651,4
3652,5
3653,4
3655,2
3656,4
3658,6
3659,3
3661,6
3662,4
3663,6
3664,2
3665,5
3666,2
3667,2
3668,2
3669,4
3670,5
3671,6
3673,3
3674,5
3675,5
3676,2
3677,6
3678,2
3679,2
3680,6
3681,5
3682,5
3683,6
3684,2
3685,3
3686,6
3687,6
3688,6
3689,7
3690,4
3691,2
3692,7
3693,5
3694,4
3695,3
3696,2
3698,1
3700,6
3701,2
3702,6
3704,6
3706,5
3707,6
3708,5
3709,7
3710,2
3711,4
3712,5
3713,4
3714,6
3715,4
3717,4
3718,6
3719,5
3721,3
3722,3
3723,3
3724,4
3725,5
3727,3
3729,6
3730,8
3732,1
3733,7
3734,7
3735,2
3736,4
3737,5
3738,5
3739,6
3740,3
3741,2
3742,5
3743,4
3744,5
3745,4
3746,4
3749,6
3751,5
3752,6
3753,5
3754,4
3755,4
3756,7
3757,7
3759,4
3760,2
3762,4
3763,2
3764,7
3765,2
3766,6
3769,4
3770,5
3771,6
3772,1
3774,2
3775,6
3776,3
3777,3
3778,5
3780,5
3781,3
3782,5
3783,2
3785,5
3786,2
3787,3
3788,3
3791,3
3793,2
3794,7
3795,3
3796,2
3797,5
3798,2
3799,7
3800,4
3801,2
3802,5
3805,7
3808,2
3809,7
3811,1
3812,3
3813,3
3814,4
3815,6
3817,5
3818,6
3820,2
3821,5
3822,4
3823,4
3824,5
3825,5
3826,4
3827,5
3829,4
3830,2
3831,8
3832,3
3833,6
3834,7
3836,5
3839,6
3841,2
3843,3
3844,5
3845,2
3846,2
3847,5
3848,3
3849,3
3850,8
3852,3
3853,6
3854,2
3855,4
3857,4
3860,5
3861,7
3862,6
3863,3
3864,7
3865,5
3866,3
3867,5
3868,4
3869,5
3870,2
3871,2
3872,6
3873,2
3874,2
3875,1
3876,2
3877,4
3878,5
3880,3
3881,3
3882,7
3883,2
3884,4
3885,6
3886,5
3887,1
3888,4
3889,1
3890,5
3891,4
3892,2
3893,7
3894,2
3897,8
3898,5
3899,4
3901,1
3903,6
3904,7
3906,2
3907,4
3908,4
3909,5
3910,2
3911,2
3912,6
3913,6
3914,3
3915,6
3917,4
3919,4
3920,4
3921,6
3923,3
3924,1
3925,2
3926,2
3927,5
3928,6
3929,5
3930,6
3932,7
3933,6
3934,5
3935,3
3936,7
3937,7
3939,2
3940,4
3941,2
3942,6
3943,4
3944,4
3945,5
3946,6
3948,5
3949,2
3950,3
3951,3
3952,2
3953,2
3954,3
3956,2
3957,7
3958,5
3959,2
3960,8
3961,1
3962,5
3963,6
3964,2
3965,1
3966,5
3967,2
3968,2
3969,5
3970,5
3971,5
3972,2
3973,4
3974,5
3975,5
3976,3
3977,1
3978,6
3979,3
3980,5
3981,5
3982,4
3983,2
3984,3
3985,7
3988,3
3989,7
3990,5
3991,7
3992,6
3993,1
3994,4
3995,6
3996,4
3997,6
3998,5
3999,7
4000,3
4001,5
4002,4
4003,4
4004,2
4005,2
4006,2
4007,4
4008,6
4009,2
4010,4
4011,7
4012,2
4013,3
4014,7
4015,4
4016,2
4018,5
4019,5
4020,2
4022,7
4023,3
4026,2
4029,4
4030,4
4031,1
4033,2
4034,3
4035,2
4036,2
4037,8
4038,5
4041,5
4042,3
4043,8
4044,5
4046,4
4047,5
4048,7
4049,3
4050,6
4051,5
4052,5
4053,4
4055,6
4056,6
4057,2
4058,5
4060,2
4061,2
4062,3
4063,6
4064,2
4065,5
4066,4
4067,5
4068,6
4069,4
4070,5
4071,2
4072,6
4073,4
4074,6
4075,7
4076,5
4077,3
4079,7
4080,7
4081,2
4082,2
4083,3
4084,2
4085,2
4086,1
4087,4
4088,4
4089,2
4090,5
4093,4
4094,6
4096,7
4098,2
4100,6
4103,5
4104,4
4105,4
4106,4
4107,6
4108,4
4109,5
4110,6
4111,7
4112,2
4113,7
4116,6
4117,4
4119,6
4120,5
4121,6
4122,8
4123,1
4124,5
4125,7
4126,2
4128,5
4129,5
4130,5
4131,5
4132,7
4133,6
4135,5
4136,7
4138,2
4140,5
4142,3
4143,2
4144,5
4146,2
4148,3
4149,5
4150,7
4151,3
4152,2
4153,4
4156,1
4157,6
4158,1
4159,2
4160,7
4161,7
4162,2
4164,8
4165,5
4166,4
4167,4
4168,6
4169,2
4170,6
4171,6
4172,5
4173,1
4175,3
4176,1
4177,4
4179,5
4180,2
4181,4
4182,6
4183,5
4185,3
4186,6
4187,6
4189,5
4190,5
4191,3
4192,7
4193,6
4194,3
4197,2
4198,6
4199,3
4200,7
4201,2
4202,6
4203,1
4204,2
4205,5
4207,5
4208,6
4209,3
4210,2
4211,2
4213,8
4214,2
4215,4
4216,3
4217,8
4218,5
4219,6
4221,8
4222,3
4224,7
4225,5
4226,5
4227,4
4229,3
4230,5
4231,2
4232,2
4233,6
4235,5
4236,4
4237,5
4238,1
4239,5
4240,5
4241,1
4243,5
4245,7
4246,6
4247,2
4249,6
4250,2
4251,4
4254,5
4256,7
4257,4
4259,3
4261,4
4262,4
4263,6
4264,5
4265,4
4266,3
4267,2
4269,8
4270,2
4271,2
4272,7
4273,5
4274,2
4277,2
4278,2
4279,5
4280,6
4281,3
4282,3
4283,2
4284,5
4285,5
4286,4
4287,4
4288,8
4290,2
4291,7
4292,6
4293,3
4294,1
4295,6
4296,6
4297,6
4298,6
4299,6
4300,4
4301,7
4302,5
4304,5
4305,6
4306,5
4307,3
4308,3
4309,3
4310,5
4311,7
4312,2
4313,1
4314,5
4318,7
4319,3
4320,4
4321,5
4322,6
4324,2
4325,6
4326,5
4327,5
4328,3
4330,4
4331,6
4332,8
4333,2
4334,4
4335,1
4336,2
4337,5
4338,4
4340,5
4341,5
4342,2
4343,4
4344,2
4345,7
4346,4
4347,2
4348,4
4350,4
4351,1
4352,2
4353,4
4354,3
4355,6
4356,6
4357,5
4362,6
4363,4
4364,1
4365,7
4366,1
4367,4
4369,2
4370,6
4371,7
4372,5
4374,3
4376,7
4378,2
4379,4
4380,2
4381,8
4382,5
4383,5
4384,4
4385,5
4387,5
4388,7
4389,6
4391,5
4392,1
4393,7
4394,6
4396,6
4398,5
4400,6
4401,3
4402,3
4405,2
4406,4
4407,4
4408,2
4411,6
4412,6
4413,6
4414,6
4415,3
4418,2
4419,3
4421,6
4423,1
4425,5
4427,6
4428,4
4429,2
4430,7
4431,1
4432,6
4433,4
4434,4
4435,7
4436,4
4437,5
4438,2
4439,5
4440,5
4441,5
4442,1
4443,7
4444,4
4445,1
4449,6
4451,4
4452,5
4454,7
4455,5
4457,6
4459,2
4460,6
4461,3
4464,6
4465,2
4466,6
4467,7
4468,3
4469,8
4470,2
4471,5
4472,7
4473,4
4475,5
4476,4
4477,2
4478,5
4480,3
4481,1
4482,2
4483,5
4484,4
4485,7
4486,2
4487,4
4488,4
4489,4
4490,5
4491,3
4492,5
4493,7
4494,5
4495,6
4496,3
4497,3
4498,7
4499,7
4500,6
4501,3
4502,4
4503,3
4505,5
4506,3
4507,5
4508,4
4509,7
4510,4
4511,5
4513,5
4514,2
4516,6
4517,6
4518,2
4519,2
4521,3
4522,5
4523,3
4524,7
4525,7
4526,2
4527,2
4528,1
4530,5
4531,5
4532,7
4533,2
4535,4
4536,6
4537,6
4538,6
4540,7
4541,2
4542,3
4543,3
4544,5
4545,5
4546,2
4548,4
4550,8
4551,8
4552,2
4554,1
4555,4
4557,2
4558,8
4560,2
4561,5
4562,2
4563,6
4564,1
4565,4
4566,2
4567,2
4568,6
4570,7
4571,2
4572,7
4573,6
4574,2
4575,2
4576,3
4577,5
4578,6
4579,1
4580,4
4582,2
4583,6
4584,5
4585,2
4586,2
4587,4
4588,1
4589,4
4590,3
4591,4
4592,1
4593,6
4594,2
4595,2
4596,7
4597,2
4598,3
4599,5
4600,4
4601,6
4602,5
4604,4
4605,2
4606,3
4607,7
4608,3
4609,5
4610,8
4612,6
4613,6
4614,7
4615,3
4616,4
4617,7
4619,4
4620,3
4621,4
4623,6
4624,6
4627,7
4629,3
4630,3
4632,2
4633,6
4634,4
4637,2
4638,5
4639,2
4641,5
4642,5
4643,3
4644,2
4645,7
4647,4
4648,4
4649,6
4650,8
4651,3
4652,7
4653,1
4654,1
4655,4
4656,4
4658,4
4659,4
4660,4
4662,6
4663,1
4664,3
4665,4
4666,1
4667,1
4669,6
4670,5
4671,7
4672,3
4673,2
4674,3
4675,2
4676,5
4677,8
4679,2
4680,2
4681,3
4682,1
4683,7
4684,2
4686,6
4688,7
4689,1
4690,5
4691,2
4692,1
4693,4
4694,7
4695,5
4696,6
4697,2
4698,6
4699,2
4700,5
4701,5
4702,5
4703,2
4704,1
4705,6
4707,6
4708,7
4709,6
4711,5
4712,2
4713,5
4714,5
4715,4
4716,3
4717,5
4718,2
4719,6
4720,5
4723,2
4724,6
4725,4
4726,2
4727,2
4728,4
4729,1
4731,4
4732,7
4733,3
4734,4
4735,3
4737,5
4738,7
4739,7
4740,4
4742,6
4743,2
4744,4
4745,3
4746,4
4747,7
4749,6
4750,6
4751,5
4752,8
4754,6
4757,3
4758,4
4759,4
4761,7
4762,8
4763,7
4764,3
4765,7
4766,3
4768,2
4769,7
4771,5
4772,5
4774,4
4775,5
4776,4
4777,7
4779,3
4780,5
4781,4
4782,3
4783,5
4784,2
4785,2
4786,2
4787,5
4788,1
4789,3
4790,3
4791,1
4792,2
4793,3
4794,2
4795,5
4796,2
4798,2
4799,6
4800,6
4802,4
4804,1
4805,4
4806,4
4807,3
4808,7
4809,4
4810,2
4811,5
4812,2
4814,2
4815,4
4816,6
4819,2
4820,5
4821,4
4823,7
4824,6
4825,4
4826,4
4827,7
4828,3
4829,6
4830,3
4831,2
4832,2
4833,5
4834,5
4835,1
4836,7
4837,4
4838,2
4840,4
4841,4
4842,4
4843,7
4846,3
4847,6
4848,2
4849,3
4850,3
4852,4
4853,7
4854,2
4855,4
4856,6
4857,4
4858,6
4859,4
4860,4
4861,8
4862,5
4864,3
4865,2
4867,2
4868,7
4870,4
4871,8
4872,1
4873,6
4874,4
4875,4
4877,3
4878,4
4879,5
4880,5
4881,2
4882,2
4883,3
4884,6
4886,5
4888,6
4889,5
4890,3
4891,2
4892,8
4893,3
4894,4
4895,3
4897,6
4898,2
4899,3
4900,1
4901,5
4902,6
4903,4
4904,4
4905,6
4906,5
4907,4
4908,4
4909,2
4911,4
4912,4
4913,5
4914,6
4916,2
4917,7
4918,4
4919,2
4920,5
4921,5
4922,4
4923,3
4924,7
4925,8
4926,4
4927,7
4928,5
4930,1
4932,2
4933,2
4934,5
4935,7
4936,7
4937,5
4938,7
4939,5
4940,2
4941,4
4942,7
4945,2
4946,4
4947,2
4948,5
4949,6
4950,5
4951,6
4952,7
4953,4
4954,4
4955,3
4956,7
4958,2
4959,3
